Русский язык,,,,,,,,,,,,,,История,,,,,,,Физика,,,,,,,,,,,,,,Информатика,,,,,,,,,,,,,,Обществознание,,,,,,,,,,,,,,,Математика,,,,,,,,,,,,
ЕГЭ,,,,,,,ОГЭ,,,,,,,ЕГЭ,,,,,,,ЕГЭ,,,,,,,ОГЭ,,,,,,,ЕГЭ,,,,,,,ОГЭ,,,,,,,ЕГЭ,,,,,,,ОГЭ,,,,,,,,ЕГЭ,,,,,,,ОГЭ,,,,,
№,дата,формат,кол-во заданий,кол-во заданий (сумма),готово?,,№,дата,формат,кол-во заданий,кто делает,готово?,,№,дата,формат,кол-во заданий,кто делает,готово?,,№,дата,формат,кол-во заданий,кто делает,готово?,,№,дата,формат,кол-во заданий,кто делает,готово?,,№,дата,формат,кол-во заданий,кто делает,готово?,,№,дата,формат,кол-во заданий,кто делает,готово?,,№,дата,тема,кол-во заданий,кто делает,готово?,,№,дата,раздел,тема,кол-во заданий,кто делает,готово?,,№,дата,формат,кол-во заданий,кто делает,готово?,,№,дата,формат,кол-во заданий,кто делает,готово?
1,15.04,с 1 по 3,по 3,9,TRUE,,1,06.04,2 (ОГЭ),5,Даша,TRUE,,1,27.04,"1-5, 7",по 1,Захар,TRUE,,1,25.04,1,12,Вова,TRUE,,1,25.04,1-2,по 15,Лёша,TRUE,,1,22.04,1,8,Ваня,TRUE,,1,05.05,1,по 15,Ваня,TRUE,,1,21.04,Человек 1.1 Человек как результат эволюции. Личность. Потребности и интересы,6,Гоша,TRUE,,1,25.04,Человек,Человек – биосоциальное существо. Потребности и интересы,6,Гоша,TRUE,,1,05.04,1 2 3 4 5 7 8 10 11 12 13,11,Олег,TRUE,,1,25.04,6-14 + 15-19,10,Олег,TRUE
2,16.04,4,15,15,TRUE,,2,07.04,2 (ОГЭ),5,Даша,TRUE,,2,28.04,"1-5, 7",по 1,,TRUE,,2,26.04,2,12,,FALSE,,2,26.04,3,по 15,,FALSE,,2,23.04,2,8,,TRUE,,2,06.05,2,по 15,,TRUE,,,,"Человек 1.2 Мировоззрение, его виды. Общественное и индивидуальное сознание",6,,TRUE,,,,Человек,"Индивид, индивидуальность, личность. Социализация",6,,FALSE,,2,06.04,1 3 3 4 6 7 8 9 10 12 15,11,,TRUE,,2,26.04,6-14 + 15-19,10,,TRUE
3,17.04,5,15,15,TRUE,,3,08.04,3 (ОГЭ),5,Даша,TRUE,,3,29.04,"1-5, 7",по 1,,TRUE,,3,27.04,3,14,,FALSE,,3,27.04,3,по 15,,FALSE,,3,24.04,3,5,,TRUE,,3,07.05,3,по 15,,TRUE,,,,"Человек 1.3 Деятельность, её структура. Мотивы деятельности",7,,TRUE,,,,Человек,"Деятельность человека, её виды",8,,FALSE,,3,07.04,1 2 3 3 4 7 8 9 10 12 16,11,,TRUE,,3,27.04,6-14 + 15-19,10,,TRUE
4,18.04,6,15,15,TRUE,,4,09.04,3 (ОГЭ),5,Даша,TRUE,,4,30.04,"1-5, 7",по 1,,TRUE,,4,28.04,4,14,,FALSE,,4,28.04,4,по 10,,FALSE,,4,25.04,4,7,,TRUE,,4,08.05,4,по 10,,TRUE,,2,22.04,Человек 1.4 Познавательная деятельность. Чувственное и рациональное познание. Мышление,10,,TRUE,,2,26.04,Человек,Познание человеком мира и самого себя,10,,FALSE,,4,08.04,1 3 3 4 6 7 8 10 11 12 13,11,,TRUE,,4,28.04,6-14 + 15-19,10,,TRUE
5,19.04,7,15,15,TRUE,,5,10.04,"2, 3 (ОГЭ)",по 5,Даша,TRUE,,5,01.05,"1-5, 7",по 1,,TRUE,,5,29.04,5,8,,FALSE,,5,29.04,4,по 10,,FALSE,,5,26.04,5,5,,TRUE,,5,09.05,5,по 15,,TRUE,,,,"Человек 1.5 Понятие истины, её критерии. Абсолютная и относительная истина",10,,TRUE,,,,Человек,"Общение, его виды и функции",10,,FALSE,,5,09.04,1 2 3 3 4 7 8 9 10 12 15,11,,TRUE,,5,29.04,6-14 + 15-19,10,,TRUE
6,20.04,8,4,4,TRUE,,6,11.04,"2, 3 (ОГЭ)",по 5,Даша,TRUE,,6,02.05,"1-5, 7",по 1,,TRUE,,6,30.04,6,8,,FALSE,,6,30.04,4,по 10,,FALSE,,6,27.04,6,5,,TRUE,,6,10.05,6,по 15,,TRUE,,3,23.04,Человек 1.6 Общество как система. Общественные отношения,10,,TRUE,,3,27.04,Человек,Межличностные отношения. Межличностные конфликты,10,,FALSE,,6,10.04,1 3 3 4 6 7 8 9 10 12  16,11,,TRUE,,6,30.04,6-14 + 15-19,10,,TRUE
7,21.04,9,10,10,TRUE,,7,12.04,"2, 3 (ОГЭ)",по 5,Даша,TRUE,,7,03.05,"6, 8, 9-12",по 1,,TRUE,,7,01.05,"22мех, 26",3 и 3,,FALSE,,7,01.05,5,по 10,,FALSE,,7,28.04,7,6,,TRUE,,7,11.05,7,по 15,,TRUE,,,,Человек 1.7 Социальные институты: признаки и функции,10,,TRUE,,,,Человек,Общество как форма жизнедеятельности людей,10,,FALSE,,7,11.04,1 2 3 3 4 7 8 9 10 12 13,11,,TRUE,,7,01.05,6-14 + 15-19,10,,TRUE
8,22.04,10,10,10,TRUE,,8,13.04,16 (ЕГЭ),5,Даша,TRUE,,8,04.05,"1-5, 7",по 1,,TRUE,,8,02.05,7,12,,FALSE,,8,02.05,5,по 10,,FALSE,,8,29.04,8,5,,TRUE,,8,12.05,8,по 15,,TRUE,,4,24.04,Человек 1.8 Типы обществ. Постиндустриальное (информационное) общество,10,,TRUE,,4,28.04,Человек,Типы обществ. Общественное развитие,10,,FALSE,,8,12.04,1 3 3 5 6 7 9 9 10 12 15,11,,TRUE,,8,02.05,6-14 + 15-19,10,,TRUE
9,23.04,11,10,10,TRUE,,9,14.04,17 (ЕГЭ),10,Даша,TRUE,,9,05.05,"1-5, 7",по 1,,TRUE,,9,03.05,8,12,,FALSE,,9,03.05,6,по 10,,FALSE,,9,30.04,9,5,,TRUE,,9,13.05,9,по 15,,TRUE,,,,Человек 1.9 Многовариантность общественного развития. Прогресс и регресс. Глобализация,10,,TRUE,,5,29.04,Общество,Общество как система. Социальные институты,10,,FALSE,,9,13.04,1 2 3 3 4 7 9 9 10 12 16,11,,TRUE,,9,03.05,6-14 + 15-19,10,,TRUE
10,24.04,12,10,10,TRUE,,10,15.04,18 (ЕГЭ),10,Даша,TRUE,,10,06.05,"1-5, 7",по 1,,TRUE,,10,04.05,9,8,,FALSE,,10,04.05,6,по 10,,FALSE,,10,01.05,10,8,,TRUE,,10,14.05,10,по 15,,TRUE,,5,25.04,Человек 1.10 Понятие культуры. Формы и разновидности культуры. Духовные ценности,10,,TRUE,,,,Общество,Социальный конфликт и пути его разрешения,10,,FALSE,,10,14.04,1 3 3 5 6 7 8 9 10 12 13,11,,TRUE,,10,04.05,6-14 + 15-19,10,,TRUE
11,25.04,13,7,7,TRUE,,11,16.04,19 (ЕГЭ),10,Даша,TRUE,,11,07.05,"1-5, 7",по 1,,TRUE,,11,05.05,10,8,,FALSE,,11,05.05,7,по 10,,FALSE,,11,02.05,11,7,,TRUE,,11,15.05,11,по 15,,TRUE,,,,Человек 1.11 Мораль. Категории морали. Нравственность. Патриотизм,10,,TRUE,,6,30.04,Общество,Социальные нормы. Отклоняющееся поведение,10,,FALSE,,11,15.04,1 2 3 3 4 7 8 9 10 12 15,11,,TRUE,,11,05.05,6-14 + 15-19,10,,TRUE
12,26.04,14,7,7,TRUE,,12,17.04,4 (ОГЭ),5,Даша,TRUE,,12,08.05,"1-5, 7",по 1,,TRUE,,12,06.05,"23, 24мкт",3 и 3,,FALSE,,12,06.05,7,по 10,,FALSE,,12,03.05,12,5,,TRUE,,12,16.05,12,по 15,,TRUE,,6,26.04,Человек 1.12 Наука. Особенности научного познания. Функции науки,10,,TRUE,,,,Общество,Социальный контроль. Семья как малая группа,10,,FALSE,,12,16.04,1 3  3 5 6 7 9 10 11 12 16,11,,TRUE,,12,06.05,6-14 + 15-19,10,,TRUE
13,27.04,15,10,10,TRUE,,13,18.04,5 (ОГЭ),10,Даша,TRUE,,13,09.05,"1-5, 7",по 1,,TRUE,,13,07.05,11,12,,FALSE,,13,07.05,8,по 10,,FALSE,,13,04.05,13,6,,TRUE,,13,17.05,13,по 3,,TRUE,,,,"Человек 1.13 Образование, его значение. Система образования в РФ",10,,TRUE,,7,01.05,Культура,Понятие культуры. Формы культуры,10,,FALSE,,13,17.04,1 2 3 3 4 6 7 9  10 12  13,11,,TRUE,,13,07.05,6-14 + 15-19,10,,TRUE
14,28.04,16,7,7,TRUE,,14,19.04,"4, 5 (ОГЭ)",по 5,Даша,TRUE,,14,10.05,"6, 8, 9-12",по 1,,TRUE,,14,08.05,12,12,,FALSE,,14,08.05,8,по 10,,FALSE,,14,05.05,14,7,,TRUE,,14,18.05,14,по 3,,TRUE,,7,27.04,"Человек 1.14 Религия, её роль. Мировые религии. Свобода совести",10,,TRUE,,,,Культура,Наука. Образование,10,,FALSE,,14,18.04,1 3 3 5 6 7 9 10 11 12 15,11,,TRUE,,14,08.05,6-14 + 15-19,10,,TRUE
15,29.04,17,10,10,TRUE,,15,20.04,9 (ЕГЭ),5,Даша,TRUE,,15,11.05,"1-5, 7",по 1,,TRUE,,15,09.05,13,12,,FALSE,,15,09.05,9,по 10,,FALSE,,15,06.05,15,6,,TRUE,,15,19.05,15,по 3,,TRUE,,,,"Человек 1.15 Искусство, его основные функции и особенности",10,,TRUE,,8,02.05,Культура,Религия. Искусство,10,,FALSE,,15,19.04,1 2 3 3  4 6 7 9 10 12 16,11,,TRUE,,15,09.05,6-14 + 15-19,10,,TRUE
16,30.04,18,10,10,TRUE,,16,21.04,10 (ЕГЭ),5,Даша,TRUE,,16,12.05,"1-5, 7",по 1,,TRUE,,16,10.05,25 оптика,3,,FALSE,,16,10.05,9,по 10,,FALSE,,16,07.05,16,6,,TRUE,,16,20.05,16,по 3,,TRUE,,8,28.04,Экономика 2.1 Экономика как наука. Главные вопросы экономики. Экономический выбор,10,,TRUE,,,,Культура,Мораль. Гуманизм. Патриотизм,10,,FALSE,,16,20.04,1 3 3 5 7 9 10 11 12 6 13,11,,TRUE,,16,10.05,6-14 + 15-19,10,,TRUE
17,01.05,19,10,10,TRUE,,17,22.04,11 (ЕГЭ),5,Даша,TRUE,,17,13.05,"1-5, 7",по 1,,TRUE,,17,11.05,14,8,,FALSE,,17,11.05,10,по 10,,FALSE,,17,08.05,17,6,,TRUE,,17,21.05,1-7,по 1,,TRUE,,,,Экономика 2.2 Экономические институты. Собственность,10,,TRUE,,9,03.05,Экономика,"Экономика, её роль в жизни общества",10,,FALSE,,17,21.04,1 2 3 3 4 7 7 9 10 12 15,11,,TRUE,,17,11.05,6-14 + 15-19,10,,TRUE
18,02.05,20,10,10,TRUE,,18,23.04,12 (ЕГЭ),5,Даша,TRUE,,18,14.05,"1-5, 7",по 1,,TRUE,,18,12.05,15,8,,FALSE,,18,12.05,10,по 10,,FALSE,,18,09.05,18,5,,TRUE,,18,22.05,8-12,по 1,,TRUE,,9,29.04,Экономика 2.3 Типы экономических систем,10,,TRUE,,,,Экономика,Товары и услуги. Ресурсы и потребности,10,,FALSE,,18,22.04,1 3 3 5 6 7 8 9 10 12 16,11,,TRUE,,18,12.05,6-14 + 15-19,10,,TRUE
19,03.05,21,5,5,TRUE,,19,24.04,13 (ЕГЭ),5,Даша,TRUE,,19,15.05,"1-5, 7",по 1,,TRUE,,19,13.05,"23, 25 э/м",3 и 3,,FALSE,,19,13.05,11,по 20,,FALSE,,19,10.05,19-21,по 4,,TRUE,,19,23.05,13-14,по 1,,TRUE,,,,Экономика 2.4 Экономическая деятельность. Рациональное поведение. Домашние хозяйства,10,,TRUE,,10,04.05,Экономика,Разделение труда и специализация,20,,FALSE,,19,23.04,1 2 3 3 4 6 7 9 10  12 13,11,,TRUE,,19,13.05,6-14 + 15-19,10,,TRUE
20,04.05,22,5,5,TRUE,,20,25.04,14 (ЕГЭ),5,Даша,TRUE,,20,16.05,"1-5, 7",по 1,,TRUE,,20,14.05,16,8,,FALSE,,20,14.05,12,по 15,,FALSE,,20,11.05,22,4,,TRUE,,20,24.05,15-16,по 1,,TRUE,,10,30.04,Экономика 2.5 Рынок и рыночный механизм. Спрос и предложение. Рыночное равновесие,20,,TRUE,,11,05.05,Экономика,Рыночный обмен. Торговля и её формы,10,,FALSE,,20,24.04,1 3 3 4 6 7 8 9 10 12 15,11,,TRUE,,20,14.05,6-14 + 15-19,10,,TRUE
21,05.05,с 23 по 26,по 2,8,TRUE,,21,26.04,15 (ЕГЭ),5,Даша,TRUE,,21,17.05,"6, 8, 9-12",по 1,,TRUE,,21,15.05,17,8,,FALSE,,21,15.05,13,по 15,,FALSE,,21,12.05,22,5,,TRUE,,,,,,,,,11,01.05,Экономика 2.6 Конкуренция и её виды. Монополия. Антимонопольная политика,10,,TRUE,,,,Экономика,Рынок и рыночный механизм. Спрос и предложение,10,,FALSE,,21,25.04,1 2 3 4 6 7 9 10 12 3 16,11,,TRUE,,21,15.05,6-14 + 15-19,10,,TRUE
22,06.05,с 1 по 3,по 3,9,TRUE,,22,27.04,6 (ОГЭ),7,Даша,TRUE,,22,18.05,"1-5, 7",по 1,,TRUE,,22,16.05,18,12,,FALSE,,22,16.05,14,по 10,,FALSE,,22,13.05,23,6,,TRUE,,,,,,,,,,,Экономика 2.7 Рынок труда. Заработная плата. Безработица и её виды,10,,TRUE,,12,06.05,Экономика,Конкуренция и монополия,10,,FALSE,,22,26.04,1 3 3 5 6 7 8 9 10 12 13,11,,TRUE,,22,16.05,6-14 + 15-19,10,,TRUE
23,07.05,с 4 по 8,"по 3 (4-7), по 1 (8)",13,TRUE,,23,28.04,6 (ОГЭ),7,Даша,TRUE,,23,19.05,"1-5, 7",по 1,,TRUE,,23,17.05,19,14,,FALSE,,23,17.05,14,по 10,,FALSE,,23,14.05,24,4,,TRUE,,,,,,,,,12,02.05,Экономика 2.8 Предприятие (фирма). Издержки и прибыль. Постоянные и переменные затраты,10,,TRUE,,,,Экономика,Предпринимательство. Малое предпринимательство,10,,FALSE,,23,27.04,1 2 3 3 4 6 7 9 10  12 15,11,,TRUE,,23,17.05,6-14 + 15-19,10,,TRUE
24,08.05,с 9 по 15,по 2,14,TRUE,,24,29.04,7 (ОГЭ),7,Даша,TRUE,,24,20.05,"1-5, 7",по 1,,TRUE,,24,18.05,20,14,,FALSE,,24,18.05,15,по 20,,FALSE,,24,15.05,25,5,,TRUE,,,,,,,,,,,Экономика 2.9 Предпринимательство и его формы,10,,TRUE,,13,07.05,Экономика,"Производство, производительность труда",10,,FALSE,,24,28.04,1 3 3  5 6 7 8 9 10 12 16,11,,TRUE,,24,18.05,6-14 + 15-19,10,,TRUE
25,09.05,с 16 по 21,по 2,12,TRUE,,25,30.04,7 (ОГЭ),7,Даша,TRUE,,25,21.05,"1-5, 7",по 1,,TRUE,,25,19.05,1-6,по 2,,FALSE,,25,19.05,16,по 15,,FALSE,,25,16.05,26,2,,TRUE,,,,,,,,,13,03.05,Экономика 2.10 Финансовые институты. Банковская система,10,,TRUE,,,,Экономика,"Издержки, выручка, прибыль",10,,FALSE,,25,29.04,1 2 3 3 4 6 7 9 10 12 13,11,,TRUE,,25,19.05,6-14 + 15-19,10,,TRUE
26,10.05,22,5,5,TRUE,,26,01.05,"6, 7 (ОГЭ)",по 5,Даша,TRUE,,26,22.05,"1-5, 7",по 1,,TRUE,,26,20.05,7-10,по 3,,FALSE,,26,20.05,1-5,по 2,,FALSE,,26,17.05,26,2,,TRUE,,,,,,,,,,,"Экономика 2.11 Инфляция: виды, причины и последствия",10,,TRUE,,14,08.05,Экономика,Заработная плата и стимулирование труда,10,,FALSE,,26,30.04,1 3 3 5 6 7 8 9 10 12 15,11,,TRUE,,26,20.05,6-14 + 15-19,10,,TRUE
27,11.05,с 23 по 26,по 2,8,TRUE,,27,02.05,"6, 7 (ОГЭ)",по 5,Даша,TRUE,,27,23.05,"1-5, 7",по 1,,TRUE,,27,21.05,11-15,по 2,,FALSE,,27,21.05,6-11,по 3,,FALSE,,27,18.05,27,3,,TRUE,,,,,,,,,14,04.05,Экономика 2.12 Экономический рост и развитие. Понятие ВВП,10,,TRUE,,,,Экономика,"Налоги, уплачиваемые гражданами",10,,FALSE,,27,01.05,1 2 3 3 4 6 7  9 10 12 16,11,,TRUE,,27,21.05,6-14 + 15-19,10,,TRUE
28,12.05,"1-3, 22",по 2,10,TRUE,,28,03.05,"6, 7 (ОГЭ)",по 5,Даша,TRUE,,28,24.05,"6, 8, 9-12",по 1,,TRUE,,28,22.05,16-17,по 5,,FALSE,,28,22.05,12-16,по 2,,FALSE,,28,19.05,"1, 4, 7, 11, 12, 15",по 1,,TRUE,,,,,,,,,,,Экономика 2.13 Роль государства в экономике. Общественные блага,10,,TRUE,,15,09.05,Экономика,Деньги. Функции денег,10,,FALSE,,28,02.05,1 3 3 5 6 7 8 9 10 12 13,11,,TRUE,,28,22.05,6-14 + 15-19,10,,TRUE
29,13.05,"4-8, 9-15",по 1,12,TRUE,,29,04.05,8 (ОГЭ),15,Даша,TRUE,,,,,,,,,29,23.05,18,12,,FALSE,,29,23.05,1-11,по 1,,FALSE,,29,20.05,"3, 10, 18, 22",по 1,,TRUE,,,,,,,,,15,05.05,Экономика 2.14 Налоги. Государственный бюджет,10,,TRUE,,,,Экономика,"Банковские услуги, предоставляемые гражданам",10,,FALSE,,29,03.05,1 2 3 3 4 6 7 9 10 12 15,11,,TRUE,,29,23.05,6-14 + 15-19,10,,TRUE
30,14.05,"4-8, 16-21",по 1,11,TRUE,,30,05.05,8 (ОГЭ),15,Даша,TRUE,,,"Задания 2, 8, 9, 10, 11 - макс. 1 балл

Задания 1, 3, 5, 6, 7, 12 - макс. 2 балла:
2 - 0 ошибок
1 - 1 ошибка
0 - 2+ ошибок

Задание 4 - макс. 3 балла:
3 - 0 ошибок
2 - 1 ошибка
1 - 2-3 ошибки
0 - 4+ ошибок",,,,,,30,24.05,19-20,по 5,,FALSE,,30,24.05,12-16,по 1,,FALSE,,30,21.05,"2, 15, 16, 23",по 1,,TRUE,,,,,,,,,,,Экономика 2.15 Мировая экономика. Международное разделение труда,10,,TRUE,,16,10.05,Экономика,Страховые услуги,10,,FALSE,,30,04.05,1 3 3 6 7 8 9 10 11 12 16,11,,TRUE,,30,24.05,6-14 + 15-19,10,,TRUE
31,15.05,"22, 23-26",по 1,5,TRUE,,31,06.05,9 (ОГЭ),15,Даша,TRUE,,,,,,,,,,,,,,,,,,,,,,,31,22.05,"13, 19-21, 25",по 1,,TRUE,,,,,,,,,16,06.05,Экономика 2.16 Ценные бумаги и фондовый рынок,6,,TRUE,,,,Экономика,Экономические функции домохозяйств. Семейный бюджет,10,,FALSE,,31,05.05,1 1 2 3 3 4 7 9 10 12 13,11,,TRUE,,,,,,,
32,16.05,"4-8, 9-15",по 1,12,TRUE,,32,07.05,9 (ОГЭ),15,Даша,TRUE,,,,,,,,,,"Задания 5, 6, 9, 10, 14, 15, 17, 18 оцениваются в два балла:
2 балла: 0 ошибок
1 балл: 1 ошибка
0 баллов: 2+ ошибок",,,,,,,"Задания 1, 2, 4, 12, 13, 14, 16 оцениваются в два балла:
2 балла: 0 ошибок
1 балл: 1 ошибка
0 баллов: 2+ ошибок",,,,,,32,23.05,"5, 6, 8, 14",по 1,,TRUE,,,,,,,,,,,Экономика 2.17 Финансовое поведение и финансовая грамотность,7,,TRUE,,17,11.05,Социология,Социальная структура общества. Социальные общности и группы,10,,FALSE,,32,06.05,1 3 3 6 7  8 9 10 11 12 15,11,,TRUE,,,,,,,
33,17.05,"1-3, 23-26",по 1,7,TRUE,,33,08.05,"8, 9 (ОГЭ)",по 7,Даша,TRUE,,,,,,,,,,,,,,,,,,,,,,,33,24.05,"9, 17, 24",по 1,,TRUE,,,,,,,,,,,Экономика 2.18 Деньги и денежное обращение,6,,TRUE,,,,Социология,Социальный статус и социальная роль,10,,FALSE,,33,07.05,1 2 3 3 4 6 7 9 10 12 16,11,,TRUE,,,,,,,
34,18.05,"4-8, 16-21",по 1,11,TRUE,,34,09.05,"8, 9 (ОГЭ)",по 7,Даша,TRUE,,,,,,,,,,,,,,,,,,,,,,,,,,,,,,,,,,,,,17,07.05,Социология 3.1 Социальная стратификация и мобильность,10,,TRUE,,18,12.05,Социология,Социализация индивида. Агенты социализации,10,,FALSE,,34,08.05,1 3 3 6 7 8 9 10 11 12 13,11,,TRUE,,,,,,,
35,19.05,с 4 по 22,по 1,19,TRUE,,35,10.05,"8, 9 (ОГЭ)",по 7,Даша,TRUE,,,,,,,,,,,,,,,,,,,,,,,,,,,,,,,,,,,,,,,Социология 3.2 Социальные группы,10,,TRUE,,,,Социология,Социальные ценности и нормы. Отклоняющееся поведение,10,,FALSE,,35,09.05,1 2 3 3 4 7 9 10 11 12 15,11,,TRUE,,,,,,,
36,20.05,"1-3, 23-26",по 1,7,TRUE,,36,11.05,10-12 (ОГЭ),по 3,Даша,TRUE,,,,,,,,,,,,,,,,,,,,,,,,,,,,,,,,,,,,,18,08.05,Социология 3.3 Молодёжь как социальная группа,10,,TRUE,,19,13.05,Социология,Семья как малая группа и социальный институт,10,,FALSE,,36,10.05,1 2 3 6 7 8 9 10 11 12 16,11,,TRUE,,,,,,,
37,21.05,с 4 по 22,по 1,19,TRUE,,37,12.05,10-12 (ОГЭ),по 3,Даша,TRUE,,,,,,,,,,,,,,,,,,,,,,,,,,,,,,,,,,,,,,,Социология 3.4 Этнические общности. Межнациональные отношения и конфликты,10,,TRUE,,,,Социология,Отношения между поколениями,10,,FALSE,,37,11.05,1 2 3 4 7 8 9 10 11 12 13,11,,TRUE,,,,,,,
38,22.05,"1-3, 23-26",по 1,7,TRUE,,38,13.05,10-12 (ОГЭ),по 3,Даша,TRUE,,,,,,,,,,,,,,,,,,,,,,,,,,,,,,,,,,,,,19,09.05,Социология 3.5 Социальный конфликт и пути его разрешения,10,,TRUE,,20,14.05,Социология,Этнические общности. Межнациональные отношения,10,,FALSE,,38,12.05,1 2 3 6 7 8 9 10 11 12 15 ,11,,TRUE,,,,,,,
39,23.05,с 4 по 22,по 1,19,TRUE,,39,14.05,"2, 3 (ОГЭ)",по 5,Даша,TRUE,,,,,,,,,,,,,,,,,,,,,,,,,,,,,,,,,,,,,,,Социология 3.6 Социальные нормы и социальный контроль. Виды социальных норм,10,,TRUE,,,,Социология,Социальный конфликт и пути его разрешения,10,,FALSE,,39,13.05,1 2 3 4 6 8 9 10 11 12 16,11,,TRUE,,,,,,,
40,24.05,"1-3, 23-26",по 1,7,TRUE,,40,15.05,"4, 5 (ОГЭ)",по 5,Даша,TRUE,,,,,,,,,,,,,,,,,,,,,,,,,,,,,,,,,,,,,20,10.05,Социология 3.7 Семья и брак. Правовые основы семьи,10,,TRUE,,21,15.05,Политика,Политика и власть. Роль политики в жизни общества,10,,FALSE,,40,14.05,1 2 3 4 5 6 8 9 10 11 13,11,,TRUE,,,,,,,
,,,,,,,41,16.05,"6, 7 (ОГЭ)",по 5,Даша,TRUE,,,,,,,,,,,,,,,,,,,,,,,,,,,,,,,,,,,,,,,Социология 3.8 Отклоняющееся поведение и его типы,10,,TRUE,,,,Политика,"Государство: признаки, функции, формы",10,,FALSE,,41,15.05,1 2 3 4 6 7 8 9 10 11 15,11,,TRUE,,,,,,,
,"Задания 8 и 22 оцениваются в два балла:
2 балла если последовательность цифр верная
1 балл, если в последовательности 1-2 ошибки
0 баллов, если 3 и более ошибки",,,,,,42,17.05,2-12 (ОГЭ),по 1,Даша,TRUE,,,,,,,,,,,,,,,,,,,,,,,,,,,,,,,,,,,,,21,11.05,Социология 3.9 Социальная роль. Социализация индивида,10,,TRUE,,22,16.05,Политика,Политические режимы. Демократия,10,,FALSE,,42,16.05,1 3 5 6 7 8 9 9 10 11 16,11,,TRUE,,,,,,,
,,,,,,,43,18.05,"2, 3 (ОГЭ)",по 5,Даша,TRUE,,,,,,,,,,,,,,,,,,,,,,,,,,,,,,,,,,,,,,,Социология 3.10 Социальная структура российского общества,10,,TRUE,,,,Политика,"Участие граждан в политической жизни. Выборы, референдум",10,,FALSE,,43,17.05,1 2 3 5 5 6  7 8 9 11 13 ,11,,TRUE,,,,,,,
,,,,,,,44,19.05,"4, 5 (ОГЭ)",по 5,Даша,TRUE,,,,,,,,,,,,,,,,,,,,,,,,,,,,,,,,,,,,,22,12.05,Политика 4.1 Понятие власти,10,,TRUE,,23,17.05,Политика,Политические партии и движения,10,,FALSE,,44,18.05,1 2 3 4 6 7 8 9 9 11 15,11,,TRUE,,,,,,,
,,,,,,,45,20.05,"6, 7 (ОГЭ)",по 5,Даша,TRUE,,,,,,,,,,,,,,,,,,,,,,,,,,,,,,,,,,,,,,,"Политика 4.2 Государство, его признаки и функции",10,,TRUE,,,,Политика,Средства массовой информации в политической жизни,10,,FALSE,,45,19.05,1 2 3 5 6 7 8 9 9 11 16,11,,TRUE,,,,,,,
,,,,,,,46,21.05,"8, 9 (ОГЭ)",по 5,Даша,TRUE,,,,,,,,,,,,,,,,,,,,,,,,,,,,,,,,,,,,,23,13.05,Политика 4.3 Политическая система общества,10,,TRUE,,24,18.05,Право,Права и свободы человека и гражданина в РФ,10,,FALSE,,46,20.05,1 2 3 4 5 6 8 9 9 11 15,11,,TRUE,,,,,,,
,,,,,,,47,22.05,10-12 (ОГЭ),по 5,Даша,TRUE,,,,,,,,,,,,,,,,,,,,,,,,,,,,,,,,,,,,,,,Политика 4.4 Типология политических режимов,10,,TRUE,,,,Право,Конституционные обязанности гражданина РФ,10,,FALSE,,47,21.05,1 2 3 4 5 6 8 9 9 11 15,11,,TRUE,,,,,,,
,,,,,,,48,23.05,2-12 (ОГЭ),по 1,Даша,TRUE,,,,,,,,,,,,,,,,,,,,,,,,,,,,,,,,,,,,,24,14.05,"Политика 4.5 Демократия, её основные ценности и признаки",10,,TRUE,,25,19.05,Право,Права ребёнка и их защита,10,,FALSE,,48,22.05,1 2 3 5 5 6 8 9 9 11 16,11,,TRUE,,,,,,,
,,,,,,,49,24.05,2-12 (ОГЭ),по 1,Даша,TRUE,,,,,,,,,,,,,,,,,,,,,,,,,,,,,,,,,,,,,,,Политика 4.6 Гражданское общество и правовое государство,10,,TRUE,,,,Право,Особенности правового статуса несовершеннолетних,10,,FALSE,,49,23.05,1 2 3 5 5 6 8 9 9 11 15,11,,TRUE,,,,,,,
,,,,,,,,,,,,,,,,,,,,,,,,,,,,,,,,,,,,,,,,,,,,,,,,,25,15.05,Политика 4.7 Политическая элита,10,,TRUE,,26,20.05,Право,Правоохранительные органы в РФ. Судоустройство,10,,FALSE,,50,24.05,1 2 3 4 5 6 8 9 9 11 18,11,,TRUE,,,,,,,
,,,,,,,,,,,,,,,,,,,,,,,,,,,,,,,,,,,,,,,,,,,,,,,,,,,Политика 4.8 Политическое лидерство и его типы,10,,TRUE,,,,Право,Гражданско-правовые отношения. Субъекты гражданского права,10,,FALSE,,,,,,,,,,,,,,
,,,,,,,,,,,,,,,,,,,,,,,,,,,,,,,,,,,,,,,,,,,,,,,,,26,16.05,Политика 4.9 Политические партии и движения. Типы партийных систем,10,,TRUE,,27,21.05,Право,Право собственности. Сделки. Договор,10,,FALSE,,,,,,,,,,,,,,
,,,,,,,,,,,,,,,,,,,,,,,,,,,,,,,,,,,,,,,,,,,,,,,,,,,Политика 4.10 Избирательная система. Типы избирательных систем,10,,TRUE,,,,Право,Трудовые правоотношения. Трудовой договор,10,,FALSE,,,,,,,,,,,,,,
,,,,,,,,,,,,,,,,,,,,,,,,,,,,,,,,,,,,,,,,,,,,,,,,,27,17.05,Политика 4.11 Политическое участие. Политическая культура. Абсентеизм,10,,TRUE,,28,22.05,Право,Семейные правоотношения. Порядок заключения и расторжения брака,10,,FALSE,,,,,,,,,,,,,,
,,,,,,,,,,,,,,,,,,,,,,,,,,,,,,,,,,,,,,,,,,,,,,,,,,,Политика 4.12 СМИ и Интернет в политической коммуникации,10,,TRUE,,,,Право,Административные правоотношения. Административные правонарушения,10,,FALSE,,,,,,,,,,,,,,
,,,,,,,,,,,,,,,,,,,,,,,,,,,,,,,,,,,,,,,,,,,,,,,,,28,18.05,Право 5.1 Право в системе социальных норм,6,,TRUE,,29,23.05,Право,Уголовно-правовые отношения. Преступление. Уголовная ответственность,10,,FALSE,,,,,,,,,,,,,,
,,,,,,,,,,,,,,,,,,,,,,,,,,,,,,,,,,,,,,,,,,,,,,,,,,,Право 5.2 Система российского права. Законотворческий процесс,6,,TRUE,,,,Право,Основы гражданского процесса. Гражданские споры,10,,FALSE,,,,,,,,,,,,,,
,,,,,,,,,,,,,,,,,,,,,,,,,,,,,,,,,,,,,,,,,,,,,,,,,,,Право 5.3 Понятие и виды юридической ответственности,7,,TRUE,,30,24.05,Право,Основы уголовного процесса. Уголовная ответственность несовершеннолетних,10,,FALSE,,,,,,,,,,,,,,
,,,,,,,,,,,,,,,,,,,,,,,,,,,,,,,,,,,,,,,,,,,,,,,,,29,19.05,Право 5.4 Конституция РФ. Основы конституционного строя,10,,TRUE,,,,Право,Международно-правовая защита жертв вооружённых конфликтов,6,,FALSE,,,,,,,,,,,,,,
,,,,,,,,,,,,,,,,,,,,,,,,,,,,,,,,,,,,,,,,,,,,,,,,,,,"Право 5.5 Гражданство РФ. Воинская обязанность, АГС",10,,TRUE,,,,Право,Право на благоприятную окружающую среду,7,,FALSE,,,,,,,,,,,,,,
,,,,,,,,,,,,,,,,,,,,,,,,,,,,,,,,,,,,,,,,,,,,,,,,,30,20.05,Право 5.6 Субъекты гражданского права. Дееспособность и правоспособность,6,,TRUE,,,,Право,Правовое регулирование отношений в сфере образования,7,,FALSE,,,,,,,,,,,,,,
,,,,,,,,,,,,,,,,,,,,,,,,,,,,,,,,,,,,,,,,,,,,,,,,,,,Право 5.7 Имущественные и неимущественные права. Наследование,6,,TRUE,,,,,,,,,,,,,,,,,,,,,,
,,,,,,,,,,,,,,,,,,,,,,,,,,,,,,,,,,,,,,,,,,,,,,,,,,,Право 5.8 Организационно-правовые формы предпринимательства,7,,TRUE,,,,"Задание 1 оценивается в два балла:
2 балла: 0 ошибок
1 балл: 1 ошибка
0 баллов: 2+ ошибок",,,,,,,,,,,,,,,,,,
,,,,,,,,,,,,,,,,,,,,,,,,,,,,,,,,,,,,,,,,,,,,,,,,,31,21.05,Право 5.9 Трудовое право. Порядок приёма на работу. Трудовой договор,6,,TRUE,,,,,,,,,,,,,,,,,,,,,,
,,,,,,,,,,,,,,,,,,,,,,,,,,,,,,,,,,,,,,,,,,,,,,,,,,,Право 5.10 Семейное право. Порядок заключения и расторжения брака,6,,TRUE,,,,,,,,,,,,,,,,,,,,,,
,,,,,,,,,,,,,,,,,,,,,,,,,,,,,,,,,,,,,,,,,,,,,,,,,,,Право 5.11 Административное право. Административная юрисдикция,7,,TRUE,,,,,,,,,,,,,,,,,,,,,,
,,,,,,,,,,,,,,,,,,,,,,,,,,,,,,,,,,,,,,,,,,,,,,,,,32,22.05,Право 5.12 Уголовное право. Преступление и наказание,6,,TRUE,,,,,,,,,,,,,,,,,,,,,,
,,,,,,,,,,,,,,,,,,,,,,,,,,,,,,,,,,,,,,,,,,,,,,,,,,,Право 5.13 Гражданский процесс,6,,TRUE,,,,,,,,,,,,,,,,,,,,,,
,,,,,,,,,,,,,,,,,,,,,,,,,,,,,,,,,,,,,,,,,,,,,,,,,,,Право 5.14 Уголовный процесс,7,,TRUE,,,,,,,,,,,,,,,,,,,,,,
,,,,,,,,,,,,,,,,,,,,,,,,,,,,,,,,,,,,,,,,,,,,,,,,,33,23.05,Право 5.15 Правоохранительные органы и судебная система,6,,TRUE,,,,,,,,,,,,,,,,,,,,,,
,,,,,,,,,,,,,,,,,,,,,,,,,,,,,,,,,,,,,,,,,,,,,,,,,,,Право 5.16 Экологическое право. Способы защиты окружающей среды,6,,TRUE,,,,,,,,,,,,,,,,,,,,,,
,,,,,,,,,,,,,,,,,,,,,,,,,,,,,,,,,,,,,,,,,,,,,,,,,,,Право 5.17 Международное право. Международная защита прав человека,7,,TRUE,,,,,,,,,,,,,,,,,,,,,,
,,,,,,,,,,,,,,,,,,,,,,,,,,,,,,,,,,,,,,,,,,,,,,,,,34,24.05,Право 5.18 Основы налогового права. Права и обязанности налогоплательщика,6,,TRUE,,,,,,,,,,,,,,,,,,,,,,
,,,,,,,,,,,,,,,,,,,,,,,,,,,,,,,,,,,,,,,,,,,,,,,,,,,Право 5.19 Избирательное право в РФ,6,,TRUE,,,,,,,,,,,,,,,,,,,,,,
,,,,,,,,,,,,,,,,,,,,,,,,,,,,,,,,,,,,,,,,,,,,,,,,,,,Право 5.20 Правовые основы социальной защиты,7,,TRUE,,,,,,,,,,,,,,,,,,,,,,
,,,,,,,,,,,,,,,,,,,,,,,,,,,,,,,,,,,,,,,,,,,,,,,,,,,,,,,,,,,,,,,,,,,,,,,,,,,,
,,,,,,,,,,,,,,,,,,,,,,,,,,,,,,,,,,,,,,,,,,,,,,,,,,"Задания 2, 4, 5, 6, 7, 8, 10, 11, 13, 14, 15, 16 оцениваются в два балла:
2 балла: 0 ошибок
1 балл: 1 ошибка
0 баллов: 2+ ошибок",,,,,,,,,,,,,,,,,,,,,,,,,,